{"split_date":"2022-01-01","train_rows":203,"test_rows":93,"p95_train":72.1704833984,"p99_train":76.4991026306,"mean_train":52.8583641052,"std_train":11.1947698593}